COUNTRY,ISO3,WHO_REGION,DATA_SOURCE,DATE_UPDATED,TOTAL_VACCINATIONS,PERSONS_VACCINATED_1PLUS_DOSE,TOTAL_VACCINATIONS_PER100,PERSONS_VACCINATED_1PLUS_DOSE_PER100,PERSONS_FULLY_VACCINATED,PERSONS_FULLY_VACCINATED_PER100,VACCINES_USED,FIRST_VACCINE_DATE,NUMBER_VACCINES_TYPES_USED,PERSONS_BOOSTER_ADD_DOSE,PERSONS_BOOSTER_ADD_DOSE_PER100
Afghanistan,AFG,EMRO,REPORTING,28/09/2022,11881035,10929549,30.52,28.076,10245183,26.318,"AstraZeneca - Vaxzevria,Beijing CNBG - BBIBP-CorV,Bharat - Covaxin,CanSino - Convidecia,Gamaleya - Gam-Covid-Vac,Gamaleya - Sputnik-Light,Janssen - Ad26.COV 2-S,Moderna - Spikevax,Pfizer BioNTech - Comirnaty,SII - Covishield,Sinovac - CoronaVac",22/02/2021,11,,
Albania,ALB,EURO,REPORTING,18/09/2022,2974247,1336938,103.4,46.977,1262982,44.378,"AstraZeneca - Vaxzevria,Gamaleya - Gam-Covid-Vac,Pfizer BioNTech - Comirnaty,SII - Covishield,Sinovac - CoronaVac",13/01/2021,5,356077,12.512
Algeria,DZA,AFRO,REPORTING,04/09/2022,15267442,7840131,34.817,17.879,6481186,14.78,"Beijing CNBG - BBIBP-CorV,Gamaleya - Gam-Covid-Vac,SII - Covishield,Sinovac - CoronaVac",30/01/2021,4,,
American Samoa,ASM,WPRO,REPORTING,23/08/2022,111316,44885,201.67,81.318,41423,75.046,"Janssen - Ad26.COV 2-S,Moderna - Spikevax,Pfizer BioNTech - Comirnaty",21/12/2020,3,24160,43.77
Andorra,AND,EURO,REPORTING,11/09/2022,154235,57894,199.6,75.999,53480,70.205,"AstraZeneca - Vaxzevria,Moderna - Spikevax,Pfizer BioNTech - Comirnaty",20/01/2021,3,42861,56.265
Angola,AGO,AFRO,REPORTING,04/09/2022,22297104,14220830,67.842,43.269,7814121,23.776,SII - Covishield,10/03/2021,1,,
Anguilla,AIA,AMRO,REPORTING,16/09/2022,24102,10846,160.659,72.297,10314,68.751,"AstraZeneca - Vaxzevria,Pfizer BioNTech - Comirnaty",05/02/2021,2,2942,19.611
Antigua and Barbuda,ATG,AMRO,REPORTING,16/09/2022,136512,64290,139.399,65.65,62384,63.703,"AstraZeneca - Vaxzevria,Beijing CNBG - BBIBP-CorV,Gamaleya - Gam-Covid-Vac,Janssen - Ad26.COV 2-S,Pfizer BioNTech - Comirnaty,SII - Covishield",01/03/2021,6,9838,10.046
Argentina,ARG,AMRO,REPORTING,16/09/2022,109277682,41285663,241.787,91.349,37803566,83.644,"AstraZeneca - Vaxzevria,Beijing CNBG - BBIBP-CorV,CanSino - Convidecia,Gamaleya - Gam-Covid-Vac,Moderna - Spikevax,Pfizer BioNTech - Comirnaty,SII - Covishield",29/12/2020,7,30509440,67.505
Armenia,ARM,EURO,REPORTING,22/05/2022,2150112,1129669,72.6,38.123,985807,33.268,"AstraZeneca - Vaxzevria,Beijing CNBG - BBIBP-CorV,Gamaleya - Gam-Covid-Vac,Gamaleya - Sputnik-Light,Moderna - Spikevax,Pfizer BioNTech - Comirnaty,Sinovac - CoronaVac,Wuhan CNBG - Inactivated",16/06/2021,8,40725,1.374
Aruba,ABW,AMRO,REPORTING,16/09/2022,173306,89761,162.323,84.073,83545,78.251,"Janssen - Ad26.COV 2-S,Pfizer BioNTech - Comirnaty",17/02/2021,2,,
Australia,AUS,WPRO,REPORTING,08/09/2022,63280978,22427304,248.162,87.951,21766240,85.358,"AstraZeneca - Vaxzevria,Janssen - Ad26.COV 2-S,Moderna - Spikevax,Novavax-NUVAXOVID,Pfizer BioNTech - Comirnaty",21/02/2021,5,14227605,55.795
Austria,AUT,EURO,REPORTING,18/09/2022,19226645,6887651,216,77.483,6674397,74.984,"AstraZeneca - Vaxzevria,Janssen - Ad26.COV 2-S,Moderna - Spikevax,Novavax-NUVAXOVID,Pfizer BioNTech - Comirnaty,Unknown Vaccine",30/12/2020,6,5332319,59.907
Azerbaijan,AZE,EURO,REPORTING,18/09/2022,13742472,5402833,135.5,53.287,4869847,48.03,"AstraZeneca - Vaxzevria,Gamaleya - Gam-Covid-Vac,Gamaleya - Sputnik-Light,Pfizer BioNTech - Comirnaty,Sinovac - CoronaVac",20/01/2021,5,3469794,34.222
Bahamas,BHS,AMRO,REPORTING,16/09/2022,359002,172859,91.292,43.957,164305,41.782,"AstraZeneca - Vaxzevria,Janssen - Ad26.COV 2-S,Pfizer BioNTech - Comirnaty,SII - Covishield",14/03/2021,4,31626,8.042
Bahrain,BHR,EMRO,REPORTING,28/09/2022,3470831,1240586,203.978,72.908,1226026,72.052,"AstraZeneca - Vaxzevria,Beijing CNBG - BBIBP-CorV,Bharat - Covaxin,CanSino - Convidecia,Gamaleya - Gam-Covid-Vac,Gamaleya - Sputnik-Light,Janssen - Ad26.COV 2-S,Moderna - Spikevax,Pfizer BioNTech - Comirnaty,SII - Covishield,Sinovac - CoronaVac",04/11/2020,11,1004219,59.017
Bangladesh,BGD,SEARO,REPORTING,27/09/2022,299180594,131733366,181.664,79.989,121787630,73.95,"AstraZeneca - Vaxzevria,Beijing CNBG - BBIBP-CorV,Gamaleya - Gam-Covid-Vac,Janssen - Ad26.COV 2-S,Moderna - Spikevax,Pfizer BioNTech - Comirnaty,SII - Covishield,Sinovac - CoronaVac",27/01/2021,8,45659598,27.725
Barbados,BRB,AMRO,REPORTING,16/09/2022,374195,163445,130.211,56.875,154502,53.763,"AstraZeneca - Vaxzevria,Beijing CNBG - BBIBP-CorV,Janssen - Ad26.COV 2-S,Pfizer BioNTech - Comirnaty,SII - Covishield",08/01/2021,5,56248,19.573
Belarus,BLR,EURO,REPORTING,18/09/2022,15582410,6501526,164.9,68.804,6390796,67.632,"Beijing CNBG - BBIBP-CorV,Chumakov - Covi-Vac,Gamaleya - Gam-Covid-Vac,Gamaleya - Sputnik-Light",03/02/2021,4,2951428,31.234
Belgium,BEL,EURO,REPORTING,18/09/2022,25825455,9245845,224.1,80.242,9149729,79.408,"AstraZeneca - Vaxzevria,Janssen - Ad26.COV 2-S,Moderna - Spikevax,Pfizer BioNTech - Comirnaty",30/12/2020,4,7200587,62.492
Belize,BLZ,AMRO,REPORTING,16/09/2022,499320,250546,125.575,63.01,219901,55.303,"AstraZeneca - Vaxzevria,Beijing CNBG - BBIBP-CorV,Janssen - Ad26.COV 2-S,Pfizer BioNTech - Comirnaty,SII - Covishield",01/03/2021,5,50682,12.746
Benin,BEN,AFRO,REPORTING,18/09/2022,3690703,3205878,30.443,26.444,2689382,22.184,"AstraZeneca - Vaxzevria,Janssen - Ad26.COV 2-S,Pfizer BioNTech - Comirnaty,SII - Covishield,Sinovac - CoronaVac",29/03/2021,5,,
Bermuda,BMU,AMRO,REPORTING,16/09/2022,132042,48554,212.037,77.97,47657,76.529,"AstraZeneca - Vaxzevria,Pfizer BioNTech - Comirnaty",11/01/2021,2,31829,51.112
Bhutan,BTN,SEARO,REPORTING,25/09/2022,1975592,697310,256.036,90.371,676343,87.654,"AstraZeneca - Vaxzevria,Beijing CNBG - BBIBP-CorV,Moderna - Spikevax,Pfizer BioNTech - Comirnaty,SII - Covishield",27/03/2021,5,601939,78.011
Bolivia (Plurinational State of),BOL,AMRO,REPORTING,16/09/2022,15218408,7384270,130.372,63.259,6180182,52.944,"AstraZeneca - Vaxzevria,Beijing CNBG - BBIBP-CorV,Gamaleya - Gam-Covid-Vac,Janssen - Ad26.COV 2-S,Moderna - Spikevax,Pfizer BioNTech - Comirnaty,SII - Covishield",30/01/2021,7,2201921,18.863
Bonaire,XAA,AMRO,REPORTING,16/09/2022,41361,17460,197.758,83.481,15884,75.945,,,,8017,38.331
"Bonaire, Sint Eustatius and Saba",BES,AMRO,OWID,01/09/2021,35845,19109,137.934,73.533,16736,64.401,"Moderna - mRNA-1273, Pfizer BioNTech - Comirnaty",,2,,
Bosnia and Herzegovina,BIH,EURO,REPORTING,29/01/2022,1924950,943394,58.7,28.755,846080,25.789,"AstraZeneca - AZD1222, Pfizer BioNTech - Comirnaty, Sinovac - CoronaVac, Gamaleya - Sputnik V",,4,,
Botswana,BWA,AFRO,REPORTING,11/09/2022,2891400,1515015,122.953,64.424,1375332,58.484,"Bharat - Covaxin,Janssen - Ad26.COV 2-S,Moderna - Spikevax,Pfizer BioNTech - Comirnaty,SII - Covishield,Sinovac - CoronaVac",26/03/2021,6,,
Brazil,BRA,AMRO,REPORTING,16/09/2022,479103959,183587361,225.398,86.37,165192077,77.716,"AstraZeneca - Vaxzevria,Janssen - Ad26.COV 2-S,Pfizer BioNTech - Comirnaty,SII - Covishield,Sinovac - CoronaVac",17/01/2021,5,102902557,48.411
British Virgin Islands,VGB,AMRO,REPORTING,16/09/2022,41453,19466,137.094,64.378,18261,60.393,"AstraZeneca - Vaxzevria,Janssen - Ad26.COV 2-S",11/02/2021,2,3726,12.323
Brunei Darussalam,BRN,WPRO,REPORTING,09/09/2022,1273212,449769,291.034,102.809,444757,101.664,"AstraZeneca - Vaxzevria,Beijing CNBG - BBIBP-CorV,Janssen - Ad26.COV 2-S,Moderna - Spikevax,Pfizer BioNTech - Comirnaty",03/04/2021,5,335738,76.744
Bulgaria,BGR,EURO,REPORTING,18/09/2022,4537223,2101905,65.3,30.237,2072927,29.82,"AstraZeneca - Vaxzevria,Janssen - Ad26.COV 2-S,Moderna - Spikevax,Pfizer BioNTech - Comirnaty",30/12/2020,4,806040,11.595
Burkina Faso,BFA,AFRO,REPORTING,28/08/2022,3740943,3074643,17.896,14.709,2133394,10.206,"Beijing CNBG - BBIBP-CorV,Janssen - Ad26.COV 2-S,SII - Covishield",02/06/2021,3,,
Burundi,BDI,AFRO,REPORTING,18/09/2022,21467,19568,0.181,0.165,18972,0.16,Beijing CNBG - BBIBP-CorV,18/10/2021,1,,
Cabo Verde,CPV,AFRO,REPORTING,18/09/2022,857874,356544,154.297,64.128,308551,55.496,"Beijing CNBG - BBIBP-CorV,Moderna - Spikevax,Pfizer BioNTech - Comirnaty,SII - Covishield",18/03/2021,4,,
Cambodia,KHM,WPRO,REPORTING,16/09/2022,43822585,15186867,262.113,90.836,14535925,86.943,"AstraZeneca - Vaxzevria,Beijing CNBG - BBIBP-CorV,Janssen - Ad26.COV 2-S,Moderna - Spikevax,Pfizer BioNTech - Comirnaty,SII - Covishield,Sinovac - CoronaVac",10/02/2021,7,10131597,60.599
Cameroon,CMR,AFRO,REPORTING,11/09/2022,1893318,1607691,7.132,6.056,1256706,4.734,"Beijing CNBG - BBIBP-CorV,Janssen - Ad26.COV 2-S,Pfizer BioNTech - Comirnaty,SII - Covishield",12/04/2021,4,,
Canada,CAN,AMRO,REPORTING,16/09/2022,88148937,32787406,233.556,86.872,31432603,83.282,"AstraZeneca - Vaxzevria,Janssen - Ad26.COV 2-S,Moderna - Spikevax,Pfizer BioNTech - Comirnaty,SII - Covishield",14/12/2020,5,19182301,50.825
Cayman Islands,CYM,AMRO,REPORTING,16/09/2022,148160,61663,225.441,93.827,60145,91.517,Pfizer BioNTech - Comirnaty,15/01/2021,1,23910,36.382
Central African Republic,CAF,AFRO,REPORTING,18/09/2022,1707255,1660574,35.349,34.382,1570081,32.508,"Bharat - Covaxin,SII - Covishield",19/03/2021,2,,
Chad,TCD,AFRO,REPORTING,28/08/2022,3876928,3739193,23.603,22.764,3611617,21.987,Beijing CNBG - BBIBP-CorV,04/06/2021,1,,
Chile,CHL,AMRO,REPORTING,16/09/2022,62229394,18065602,325.532,94.504,17672392,92.447,"AstraZeneca - Vaxzevria,CanSino - Convidecia,Moderna - Spikevax,Pfizer BioNTech - Comirnaty,Sinovac - CoronaVac",21/12/2020,5,15623225,81.728
China,CHN,WPRO,REPORTING,13/09/2022,3455225743,1307449048,234.844,88.864,1277232041,86.811,"Anhui ZL - Zifivax,Beijing CNBG - BBIBP-CorV,CanSino - Convidecia,IMB - Covidful,Pfizer BioNTech - Comirnaty,Shenzhen - LV-SMENP-DC,Sinovac - CoronaVac,Wuhan CNBG - Inactivated",22/07/2020,8,776220753,52.758
Colombia,COL,AMRO,REPORTING,16/09/2022,87566541,42633866,172.094,83.788,36479814,71.694,"AstraZeneca - Vaxzevria,Janssen - Ad26.COV 2-S,Moderna - Spikevax,Pfizer BioNTech - Comirnaty,Sinovac - CoronaVac",17/02/2021,5,13662929,26.852
Comoros,COM,AFRO,REPORTING,31/07/2022,804403,423255,92.503,48.672,382032,43.932,"Beijing CNBG - BBIBP-CorV,Bharat - Covaxin,SII - Covishield",10/04/2021,3,,
Congo,COG,AFRO,REPORTING,31/07/2022,833210,695760,15.1,12.609,654119,11.854,"Beijing CNBG - BBIBP-CorV,Gamaleya - Gam-Covid-Vac,Moderna - Spikevax,SII - Covishield",23/03/2021,4,,
Cook Islands,COK,WPRO,REPORTING,10/05/2022,39612,15020,225.529,85.516,14676,83.557,Pfizer BioNTech - Comirnaty,17/05/2021,1,9916,56.456
Costa Rica,CRI,AMRO,REPORTING,16/09/2022,11913344,4471009,233.865,87.768,4203167,82.51,"AstraZeneca - Vaxzevria,Moderna - Spikevax,Pfizer BioNTech - Comirnaty",24/12/2020,3,2549028,50.039
Côte d’Ivoire,CIV,AFRO,REPORTING,18/09/2022,18547812,10721755,70.315,40.646,8817755,33.428,"Beijing CNBG - BBIBP-CorV,Gamaleya - Gam-Covid-Vac,Janssen - Ad26.COV 2-S,Pfizer BioNTech - Comirnaty,SII - Covishield",01/03/2021,5,,
Croatia,HRV,EURO,REPORTING,18/09/2022,5293366,2316460,130.4,57.115,2243262,55.278,"AstraZeneca - Vaxzevria,Janssen - Ad26.COV 2-S,Moderna - Spikevax,Novavax-NUVAXOVID,Pfizer BioNTech - Comirnaty,Unknown Vaccine",23/12/2020,6,920569,22.684
Cuba,CUB,AMRO,REPORTING,16/09/2022,37691939,10701830,332.773,94.484,9990274,88.202,"CIGB - CIGB-66,Finlay - Soberana Plus,Finlay - Soberana-02",,3,8429760,74.424
Curaçao,CUW,AMRO,REPORTING,16/09/2022,255346,108478,155.611,66.108,99831,60.838,"AstraZeneca - Vaxzevria,Moderna - Spikevax,Pfizer BioNTech - Comirnaty",24/02/2021,3,47037,28.665
Cyprus,CYP,EURO,REPORTING,18/09/2022,1818605,667024,204.8,75.115,655573,73.825,"AstraZeneca - Vaxzevria,Janssen - Ad26.COV 2-S,Moderna - Spikevax,Novavax-NUVAXOVID,Pfizer BioNTech - Comirnaty",23/12/2020,5,484683,54.581
Czechia,CZE,EURO,REPORTING,18/09/2022,17977765,6966172,168.1,65.141,6880723,64.342,"AstraZeneca - Vaxzevria,Janssen - Ad26.COV 2-S,Moderna - Spikevax,Novavax-NUVAXOVID,Pfizer BioNTech - Comirnaty",23/12/2020,5,4309156,40.295
Democratic Republic of the Congo,COD,AFRO,REPORTING,18/09/2022,5286630,4884351,5.903,5.454,3072010,3.43,SII - Covishield,19/04/2021,1,,
Denmark,DNK,EURO,REPORTING,04/09/2022,13198790,4816219,226.7,82.714,4778611,82.068,"AstraZeneca - Vaxzevria,Janssen - Ad26.COV 2-S,Moderna - Spikevax,Pfizer BioNTech - Comirnaty,Unknown Vaccine",16/12/2020,5,3650426,62.692
Djibouti,DJI,EMRO,REPORTING,27/09/2022,260427,239808,26.359,24.272,219441,22.211,"AstraZeneca - Vaxzevria,Beijing CNBG - BBIBP-CorV,Bharat - Covaxin,CanSino - Convidecia,Gamaleya - Gam-Covid-Vac,Gamaleya - Sputnik-Light,Janssen - Ad26.COV 2-S,Moderna - Spikevax,Pfizer BioNTech - Comirnaty,SII - Covishield,Sinovac - CoronaVac",15/03/2021,11,,
Dominica,DMA,AMRO,REPORTING,16/09/2022,67431,32872,93.666,45.661,30566,42.458,"AstraZeneca - Vaxzevria,Beijing CNBG - BBIBP-CorV,Moderna - Spikevax,Pfizer BioNTech - Comirnaty,SII - Covishield",12/02/2021,5,3993,5.547
Dominican Republic,DOM,AMRO,REPORTING,16/09/2022,15774482,7277678,145.415,67.088,6040747,55.686,"AstraZeneca - Vaxzevria,SII - Covishield,Sinovac - CoronaVac",16/02/2021,3,2456057,22.641
Ecuador,ECU,AMRO,REPORTING,16/09/2022,37723769,15258768,213.817,86.486,14119814,80.03,"AstraZeneca - Vaxzevria,CanSino - Convidecia,Pfizer BioNTech - Comirnaty,Sinovac - CoronaVac",20/01/2021,4,7092179,40.198
Egypt,EGY,EMRO,REPORTING,25/09/2022,98424374,52817695,96.179,51.613,39474487,38.574,"AstraZeneca - Vaxzevria,Beijing CNBG - BBIBP-CorV,Bharat - Covaxin,CanSino - Convidecia,Gamaleya - Gam-Covid-Vac,Gamaleya - Sputnik-Light,Janssen - Ad26.COV 2-S,Moderna - Spikevax,Pfizer BioNTech - Comirnaty,Sinovac - CoronaVac",24/01/2021,10,8665916,8.468
El Salvador,SLV,AMRO,REPORTING,16/09/2022,11090515,4612795,170.986,71.117,4316275,66.545,"AstraZeneca - Vaxzevria,Beijing CNBG - BBIBP-CorV,Moderna - Spikevax,Pfizer BioNTech - Comirnaty,SII - Covishield,Sinovac - CoronaVac",17/02/2021,6,1781722,27.469
Equatorial Guinea,GNQ,AFRO,REPORTING,24/07/2022,488738,270109,34.836,19.252,214032,15.255,"Beijing CNBG - BBIBP-CorV,Sinovac - CoronaVac",12/02/2021,2,,
Eritrea,ERI,AFRO,REPORTING,03/07/2022,,0,,0,0,0,,,,,
Estonia,EST,EURO,REPORTING,18/09/2022,2129710,843782,160.3,63.491,834409,62.786,"AstraZeneca - Vaxzevria,Janssen - Ad26.COV 2-S,Moderna - Spikevax,Novavax-NUVAXOVID,Pfizer BioNTech - Comirnaty",23/12/2020,5,478650,36.016
Eswatini,SWZ,AFRO,REPORTING,11/09/2022,773579,492162,66.678,42.422,490673,42.293,"Janssen - Ad26.COV 2-S,Pfizer BioNTech - Comirnaty,SII - Covishield",19/03/2021,3,,
Ethiopia,ETH,AFRO,REPORTING,31/07/2022,52509414,43111242,45.675,37.5,36707357,31.93,"Beijing CNBG - BBIBP-CorV,Bharat - Covaxin,Janssen - Ad26.COV 2-S,SII - Covishield",13/03/2021,4,,
Falkland Islands (Malvinas),FLK,AMRO,REPORTING,21/06/2022,9390,3220,269.595,92.449,2976,85.444,AstraZeneca - AZD1222,,1,2543,73.012
Faroe Islands,FRO,EURO,OWID,18/02/2022,103894,41715,212.614,85.368,40895,83.69,"Moderna - mRNA-1273, Pfizer BioNTech - Comirnaty",,2,21284,43.557
Fiji,FJI,WPRO,REPORTING,08/09/2022,1538912,709581,171.668,79.155,638187,71.191,"AstraZeneca - Vaxzevria,Moderna - Spikevax,SII - Covishield",07/03/2021,3,165236,18.432
Finland,FIN,EURO,REPORTING,18/09/2022,12847919,4541521,232.5,82.195,4356575,78.848,"AstraZeneca - Vaxzevria,Janssen - Ad26.COV 2-S,Moderna - Spikevax,Pfizer BioNTech - Comirnaty,Unknown Vaccine",23/12/2020,5,3047415,55.154
France,FRA,EURO,REPORTING,18/09/2022,153340653,54562129,227.8,81.049,53049459,78.802,"AstraZeneca - Vaxzevria,Janssen - Ad26.COV 2-S,Moderna - Spikevax,Novavax-NUVAXOVID,Pfizer BioNTech - Comirnaty,Unknown Vaccine",30/12/2020,6,40641235,60.37
French Guiana,GUF,AMRO,REPORTING,16/09/2022,236724,99479,79.256,33.306,90213,30.204,"Moderna - Spikevax,Pfizer BioNTech - Comirnaty",13/01/2021,2,45179,15.126
French Polynesia,PYF,WPRO,REPORTING,31/07/2022,460803,188245,164.041,67.013,183649,65.377,"Janssen - Ad26.COV 2-S,Pfizer BioNTech - Comirnaty",18/01/2021,2,88909,31.651
Gabon,GAB,AFRO,REPORTING,18/09/2022,569829,310579,25.602,13.954,257257,11.558,"Beijing CNBG - BBIBP-CorV,Gamaleya - Gam-Covid-Vac,Pfizer BioNTech - Comirnaty",23/03/2021,3,,
Gambia,GMB,AFRO,REPORTING,07/08/2022,815861,452514,33.76,18.725,357390,14.789,"Beijing CNBG - BBIBP-CorV,SII - Covishield",10/03/2021,2,,
Georgia,GEO,EURO,REPORTING,18/09/2022,2718171,1292672,68.1,32.404,1177900,29.527,"AstraZeneca - Vaxzevria,Beijing CNBG - BBIBP-CorV,Pfizer BioNTech - Comirnaty,Sinovac - CoronaVac",17/03/2021,4,247599,6.207
Germany,DEU,EURO,REPORTING,18/09/2022,185144577,64775678,222.6,77.887,64858691,77.986,"AstraZeneca - Vaxzevria,Janssen - Ad26.COV 2-S,Moderna - Spikevax,Novavax-NUVAXOVID,Pfizer BioNTech - Comirnaty,Unknown Vaccine",23/12/2020,6,51654561,62.11
Ghana,GHA,AFRO,REPORTING,18/09/2022,19340804,11471547,62.243,36.918,8361840,26.91,"Gamaleya - Gam-Covid-Vac,SII - Covishield",02/03/2021,2,,
Gibraltar,GIB,EURO,OWID,21/04/2022,119855,42074,355.748,124.882,41421,122.944,"AstraZeneca - AZD1222, Pfizer BioNTech - Comirnaty",,2,36360,107.922
Greece,GRC,EURO,REPORTING,18/09/2022,21448847,7909097,200.1,73.789,7732016,72.137,"AstraZeneca - Vaxzevria,Janssen - Ad26.COV 2-S,Moderna - Spikevax,Novavax-NUVAXOVID,Pfizer BioNTech - Comirnaty",23/12/2020,5,5860319,54.674
Greenland,GRL,EURO,OWID,07/03/2022,79745,41243,140.465,72.647,38502,67.819,Moderna - mRNA-1273,,1,,
Grenada,GRD,AMRO,REPORTING,16/09/2022,90138,44050,80.106,39.148,38836,34.514,"AstraZeneca - Vaxzevria,Janssen - Ad26.COV 2-S,Pfizer BioNTech - Comirnaty,SII - Covishield",15/02/2021,4,7252,6.445
Guadeloupe,GLP,AMRO,REPORTING,16/09/2022,385712,150077,96.398,37.508,144196,36.038,"AstraZeneca - Vaxzevria,Janssen - Ad26.COV 2-S,Moderna - Spikevax,Novavax-NUVAXOVID,Pfizer BioNTech - Comirnaty",08/01/2021,7,86650,21.656
Guam,GUM,WPRO,REPORTING,23/08/2022,368088,155225,218.094,91.972,141014,83.551,"Janssen - Ad26.COV 2-S,Moderna - Spikevax,Pfizer BioNTech - Comirnaty",04/01/2021,3,72131,42.738
Guatemala,GTM,AMRO,REPORTING,16/09/2022,19553871,8758252,109.145,48.886,6870081,38.347,"AstraZeneca - Vaxzevria,Gamaleya - Gam-Covid-Vac,Moderna - Spikevax,Pfizer BioNTech - Comirnaty,SII - Covishield",25/02/2021,5,3495539,19.511
Guernsey,GGY,EURO,OWID,12/07/2022,157708,,244.63,,,,"Moderna - mRNA-1273, AstraZeneca - AZD1222, Pfizer BioNTech - Comirnaty",,3,,
Guinea,GIN,AFRO,REPORTING,18/09/2022,7472471,5137173,56.899,39.117,2894177,22.038,"Beijing CNBG - BBIBP-CorV,Gamaleya - Gam-Covid-Vac,Janssen - Ad26.COV 2-S,Pfizer BioNTech - Comirnaty,SII - Covishield,Sinovac - CoronaVac",05/03/2021,6,,
Guinea-Bissau,GNB,AFRO,REPORTING,18/09/2022,673091,640393,34.202,32.54,404228,20.54,"Beijing CNBG - BBIBP-CorV,SII - Covishield",02/04/2021,2,,
Guyana,GUY,AMRO,REPORTING,16/09/2022,939589,490230,119.457,62.326,376266,47.837,"AstraZeneca - Vaxzevria,Beijing CNBG - BBIBP-CorV,Gamaleya - Gam-Covid-Vac,Janssen - Ad26.COV 2-S,Moderna - Spikevax,Pfizer BioNTech - Comirnaty,SII - Covishield",11/02/2021,7,73093,9.293
Haiti,HTI,AMRO,REPORTING,16/09/2022,470964,361212,4.13,3.168,222303,1.95,"Janssen - Ad26.COV 2-S,Moderna - Spikevax",,2,,
Honduras,HND,AMRO,REPORTING,16/09/2022,15527895,6325371,156.774,63.863,5599626,56.536,"AstraZeneca - Vaxzevria,Gamaleya - Gam-Covid-Vac,Janssen - Ad26.COV 2-S,Moderna - Spikevax,Pfizer BioNTech - Comirnaty,SII - Covishield",22/02/2021,6,3603273,36.38
Hungary,HUN,EURO,REPORTING,18/09/2022,16469299,6353515,168.6,65.034,6146794,62.918,"AstraZeneca - Vaxzevria,Beijing CNBG - BBIBP-CorV,Gamaleya - Gam-Covid-Vac,Janssen - Ad26.COV 2-S,Moderna - Spikevax,Pfizer BioNTech - Comirnaty,Sinovac - CoronaVac",23/12/2020,7,3859059,39.501
Iceland,ISL,EURO,REPORTING,28/08/2022,828071,307001,227.4,84.31,297551,81.715,"AstraZeneca - Vaxzevria,Janssen - Ad26.COV 2-S,Moderna - Spikevax,Pfizer BioNTech - Comirnaty",30/12/2020,4,252270,69.279
India,IND,SEARO,REPORTING,27/09/2022,2179427825,1024660313,157.929,74.251,948037652,68.698,"Bharat - Covaxin,Biological E - Corbevax,Gamaleya - Gam-Covid-Vac,Janssen - Ad26.COV 2-S,Moderna - Spikevax,SII - Covishield,SII - Covovax,Zydus - ZyCov-D",16/01/2021,8,206729860,14.98
Indonesia,IDN,SEARO,REPORTING,26/09/2022,437867669,204114735,160.084,74.624,170706806,62.41,"AstraZeneca - Vaxzevria,Beijing CNBG - BBIBP-CorV,Janssen - Ad26.COV 2-S,Moderna - Spikevax,Novavax-NUVAXOVID,Pfizer BioNTech - Comirnaty,Sinovac - CoronaVac",13/01/2021,7,63046128,23.05
Iran (Islamic Republic of),IRN,EMRO,REPORTING,26/09/2022,154418093,65043431,183.846,77.439,58431299,69.567,"AstraZeneca - Vaxzevria,Beijing CNBG - BBIBP-CorV,Bharat - Covaxin,CanSino - Convidecia,Finlay - Soberana-02,Gamaleya - Gam-Covid-Vac,Gamaleya - Sputnik-Light,Janssen - Ad26.COV 2-S,Moderna - Spikevax,Pfizer BioNTech - Comirnaty,Shifa - COVIran Barakat,Sinovac - CoronaVac",09/02/2021,12,30943363,36.84
Iraq,IRQ,EMRO,REPORTING,22/09/2022,19264920,11163251,47.896,27.754,7852141,19.522,"AstraZeneca - Vaxzevria,Beijing CNBG - BBIBP-CorV,Bharat - Covaxin,CanSino - Convidecia,Gamaleya - Gam-Covid-Vac,Gamaleya - Sputnik-Light,Janssen - Ad26.COV 2-S,Moderna - Spikevax,Pfizer BioNTech - Comirnaty,Sinovac - CoronaVac",02/03/2021,10,249528,0.62
Ireland,IRL,EURO,REPORTING,18/09/2022,11615622,4039917,234,83.918,4004730,80.668,"AstraZeneca - Vaxzevria,Janssen - Ad26.COV 2-S,Moderna - Spikevax,Novavax-NUVAXOVID,Pfizer BioNTech - Comirnaty",30/12/2020,5,3009147,60.614
Isle of Man,IMN,EURO,OWID,23/06/2022,189994,69560,223.438,81.804,67106,78.919,"Moderna - mRNA-1273, AstraZeneca - AZD1222, Pfizer BioNTech - Comirnaty",,3,53328,62.715
Israel,ISR,EURO,REPORTING,05/06/2022,15026951,7055466,173.6,81.514,6385731,73.776,"AstraZeneca - Vaxzevria,Moderna - Spikevax,Pfizer BioNTech - Comirnaty",16/12/2020,3,1585754,18.321
Italy,ITA,EURO,REPORTING,18/09/2022,139417799,50431965,233.8,84.563,47506703,79.654,"AstraZeneca - Vaxzevria,Janssen - Ad26.COV 2-S,Moderna - Spikevax,Novavax-NUVAXOVID,Pfizer BioNTech - Comirnaty",23/12/2020,5,42958499,72.028
Jamaica,JAM,AMRO,REPORTING,16/09/2022,1487460,831009,50.232,28.064,729853,24.647,"AstraZeneca - Vaxzevria,Beijing CNBG - BBIBP-CorV,Janssen - Ad26.COV 2-S,Pfizer BioNTech - Comirnaty,SII - Covishield",10/03/2021,5,44458,1.501
Japan,JPN,WPRO,REPORTING,16/09/2022,321037169,104184141,253.832,82.374,102772415,81.258,"AstraZeneca - Vaxzevria,Moderna - Spikevax,Novavax-NUVAXOVID,Pfizer BioNTech - Comirnaty",17/02/2021,4,82001133,64.835
Jersey,JEY,EURO,OWID,25/09/2022,245039,84019,227.317,77.943,81421,75.532,"Moderna - mRNA-1273, AstraZeneca - AZD1222, Pfizer BioNTech - Comirnaty",,3,73330,68.027
Jordan,JOR,EMRO,REPORTING,21/08/2022,10057975,4821579,98.577,47.256,4558313,44.676,"AstraZeneca - Vaxzevria,Beijing CNBG - BBIBP-CorV,Bharat - Covaxin,CanSino - Convidecia,Gamaleya - Gam-Covid-Vac,Gamaleya - Sputnik-Light,Janssen - Ad26.COV 2-S,Moderna - Spikevax,Pfizer BioNTech - Comirnaty,Sinovac - CoronaVac",13/01/2021,10,682211,6.686
Kazakhstan,KAZ,EURO,REPORTING,11/09/2022,28534676,10962519,152,58.384,11555786,61.543,"Beijing CNBG - BBIBP-CorV,Gamaleya - Gam-Covid-Vac,Pfizer BioNTech - Comirnaty,RIBSP - QazVac,Sinovac - CoronaVac",07/04/2021,5,5210239,27.748
Kenya,KEN,AFRO,REPORTING,18/09/2022,21281086,13460152,39.577,25.032,9985687,18.571,"Beijing CNBG - BBIBP-CorV,Janssen - Ad26.COV 2-S,Moderna - Spikevax,Pfizer BioNTech - Comirnaty,SII - Covishield",05/03/2021,5,,
Kiribati,KIR,WPRO,REPORTING,19/08/2022,159883,82774,133.85,69.297,62876,52.638,"AstraZeneca - Vaxzevria,Beijing CNBG - BBIBP-CorV",26/05/2021,2,14233,11.916
Kosovo,XKX,EURO,REPORTING,04/09/2022,1835336,904135,102.2,50.351,824296,45.905,"AstraZeneca - Vaxzevria,Pfizer BioNTech - Comirnaty",31/03/2021,2,105178,5.857
Kuwait,KWT,EMRO,REPORTING,28/09/2022,8214656,3445141,192.355,80.672,3337299,78.146,"AstraZeneca - Vaxzevria,Beijing CNBG - BBIBP-CorV,Bharat - Covaxin,CanSino - Convidecia,Gamaleya - Gam-Covid-Vac,Gamaleya - Sputnik-Light,Janssen - Ad26.COV 2-S,Moderna - Spikevax,Pfizer BioNTech - Comirnaty,Sinovac - CoronaVac",28/12/2020,10,1432216,33.537
Kyrgyzstan,KGZ,EURO,REPORTING,18/09/2022,2970097,1465468,45.5,22.462,1296339,19.87,"AstraZeneca - Vaxzevria,Beijing CNBG - BBIBP-CorV,Gamaleya - Gam-Covid-Vac,Moderna - Spikevax,Pfizer BioNTech - Comirnaty,RIBSP - QazVac",31/03/2021,6,208290,3.193
Lao People's Democratic Republic,LAO,WPRO,REPORTING,18/08/2022,12121844,5901442,166.61,81.113,5238376,72,"AstraZeneca - Vaxzevria,Beijing CNBG - BBIBP-CorV,Gamaleya - Gam-Covid-Vac,Gamaleya - Sputnik-Light,Janssen - Ad26.COV 2-S,Pfizer BioNTech - Comirnaty,SII - Covishield,Sinovac - CoronaVac",25/11/2020,8,1795114,24.673
Latvia,LVA,EURO,REPORTING,18/09/2022,2847648,1303023,149.3,68.304,1271589,66.656,"AstraZeneca - Vaxzevria,Janssen - Ad26.COV 2-S,Moderna - Spikevax,Novavax-NUVAXOVID,Pfizer BioNTech - Comirnaty",30/12/2020,5,541299,28.375
Lebanon,LBN,EMRO,REPORTING,26/09/2022,5778363,2727295,84.659,39.958,2402926,35.205,"AstraZeneca - Vaxzevria,Beijing CNBG - BBIBP-CorV,Bharat - Covaxin,CanSino - Convidecia,Gamaleya - Gam-Covid-Vac,Gamaleya - Sputnik-Light,Janssen - Ad26.COV 2-S,Moderna - Spikevax,Pfizer BioNTech - Comirnaty,Sinovac - CoronaVac",14/02/2021,10,648142,9.496
Lesotho,LSO,AFRO,REPORTING,14/08/2022,1102069,1631364,51.444,76.152,872661,40.736,"Beijing CNBG - BBIBP-CorV,Janssen - Ad26.COV 2-S,SII - Covishield",10/03/2021,3,,
Liberia,LBR,AFRO,REPORTING,18/09/2022,3657724,3634393,72.32,71.859,3062225,60.546,SII - Covishield,01/04/2021,1,,
Libya,LBY,EMRO,REPORTING,21/09/2022,3710544,2304757,54.001,33.542,1229045,17.887,"AstraZeneca - Vaxzevria,Beijing CNBG - BBIBP-CorV,Bharat - Covaxin,CanSino - Convidecia,Gamaleya - Gam-Covid-Vac,Gamaleya - Sputnik-Light,Janssen - Ad26.COV 2-S,Moderna - Spikevax,Pfizer BioNTech - Comirnaty,Sinovac - CoronaVac",11/04/2021,10,176742,2.572
Liechtenstein,LIE,OTHER,REPORTING,10/04/2022,71104,26681,183.5,68.86,26346,67.995,"Janssen - Ad26.COV 2-S,Moderna - Spikevax,Pfizer BioNTech - Comirnaty",06/01/2021,3,18310,47.255
Lithuania,LTU,EURO,REPORTING,18/09/2022,4487030,1954306,160.6,70.098,1904554,68.164,"AstraZeneca - Vaxzevria,Janssen - Ad26.COV 2-S,Moderna - Spikevax,Pfizer BioNTech - Comirnaty,Unknown Vaccine",23/12/2020,5,896546,32.087
Luxembourg,LUX,EURO,REPORTING,18/09/2022,1310850,469350,209.4,74.963,462686,73.899,"AstraZeneca - Vaxzevria,Janssen - Ad26.COV 2-S,Moderna - Spikevax,Novavax-NUVAXOVID,Pfizer BioNTech - Comirnaty",30/12/2020,5,366860,58.594
Madagascar,MDG,AFRO,REPORTING,18/09/2022,1871165,1579817,6.757,5.705,1515383,5.472,"Beijing CNBG - BBIBP-CorV,Janssen - Ad26.COV 2-S,SII - Covishield",10/05/2021,3,,
Malawi,MWI,AFRO,REPORTING,18/09/2022,4575245,3162840,23.917,16.533,2378583,12.434,"Janssen - Ad26.COV 2-S,SII - Covishield",11/03/2021,2,,
Malaysia,MYS,WPRO,REPORTING,18/09/2022,72105683,28098910,222.782,86.816,27503689,84.977,"AstraZeneca - Vaxzevria,Beijing CNBG - BBIBP-CorV,CanSino - Convidecia,Gamaleya - Gam-Covid-Vac,Janssen - Ad26.COV 2-S,Moderna - Spikevax,Pfizer BioNTech - Comirnaty,Sinovac - CoronaVac",24/02/2021,8,16229273,50.143
Maldives,MDV,SEARO,REPORTING,26/09/2022,950888,399102,175.913,73.833,384963,71.218,"AstraZeneca - Vaxzevria,Beijing CNBG - BBIBP-CorV,Gamaleya - Gam-Covid-Vac,Janssen - Ad26.COV 2-S,Moderna - Spikevax,Pfizer BioNTech - Comirnaty,SII - Covishield,Sinovac - CoronaVac",01/02/2021,8,166823,30.862
Mali,MLI,AFRO,REPORTING,18/09/2022,3126178,2283516,15.437,11.276,1743277,8.608,SII - Covishield,31/03/2021,1,,
Malta,MLT,EURO,REPORTING,18/09/2022,1273308,450407,247.5,87.532,444782,86.439,"AstraZeneca - Vaxzevria,Janssen - Ad26.COV 2-S,Moderna - Spikevax,Pfizer BioNTech - Comirnaty",23/12/2020,4,351882,68.384
Marshall Islands,MHL,WPRO,REPORTING,26/08/2022,101728,43299,171.855,73.148,35343,59.707,"Janssen - Ad26.COV 2-S,Moderna - Spikevax,Pfizer BioNTech - Comirnaty",29/12/2020,3,18053,30.498
Martinique,MTQ,AMRO,REPORTING,16/09/2022,391311,149803,104.276,39.919,144597,38.532,Pfizer BioNTech - Comirnaty,,1,91508,24.385
Mauritania,MRT,AFRO,REPORTING,04/09/2022,3251620,2005049,69.932,43.123,1423899,30.624,"Beijing CNBG - BBIBP-CorV,SII - Covishield",26/03/2021,2,,
Mauritius,MUS,AFRO,REPORTING,18/09/2022,2583907,1021934,203.174,80.355,977728,76.879,"Beijing CNBG - BBIBP-CorV,Bharat - Covaxin,SII - Covishield",26/01/2021,3,,
Mexico,MEX,AMRO,REPORTING,16/09/2022,209673612,97018292,162.622,75.247,79947470,62.007,"AstraZeneca - Vaxzevria,CanSino - Convidecia,Gamaleya - Gam-Covid-Vac,Janssen - Ad26.COV 2-S,Moderna - Spikevax,Pfizer BioNTech - Comirnaty,Sinovac - CoronaVac",24/12/2020,7,57014052,44.22
Micronesia (Federated States of),FSM,WPRO,REPORTING,20/08/2022,170346,70204,148.097,61.035,66174,57.531,"AstraZeneca - Vaxzevria,Janssen - Ad26.COV 2-S,Moderna - Spikevax,Pfizer BioNTech - Comirnaty",13/01/2021,4,30537,26.549
Monaco,MCO,EURO,REPORTING,02/01/2022,58294,23460,148.5,59.78,23356,59.515,"AstraZeneca - Vaxzevria,Janssen - Ad26.COV 2-S,Moderna - Spikevax,Novavax - Covavax,Novavax-NUVAXOVID,Pfizer BioNTech - Comirnaty",30/06/2021,6,11478,29.248
Mongolia,MNG,WPRO,REPORTING,16/09/2022,5657340,2282141,172.57,69.614,2182631,66.578,"AstraZeneca - Vaxzevria,Beijing CNBG - BBIBP-CorV,Gamaleya - Gam-Covid-Vac,Moderna - Spikevax,Pfizer BioNTech - Comirnaty,SII - Covishield",23/02/2021,6,1054108,32.154
Montenegro,MNE,EURO,REPORTING,11/09/2022,526467,272415,83.8,43.806,254052,40.853,"AstraZeneca - Vaxzevria,Beijing CNBG - BBIBP-CorV,Gamaleya - Gam-Covid-Vac,Pfizer BioNTech - Comirnaty,Unknown Vaccine",24/02/2021,5,0,0
Montserrat,MSR,AMRO,REPORTING,16/09/2022,4544,2099,90.898,41.988,1935,38.708,AstraZeneca - Vaxzevria,08/02/2021,1,510,10.202
Morocco,MAR,EMRO,REPORTING,28/09/2022,55269802,25003222,149.74,67.74,23499339,63.666,"AstraZeneca - Vaxzevria,Beijing CNBG - BBIBP-CorV,Bharat - Covaxin,CanSino - Convidecia,Gamaleya - Gam-Covid-Vac,Gamaleya - Sputnik-Light,Janssen - Ad26.COV 2-S,Moderna - Spikevax,Pfizer BioNTech - Comirnaty,Sinovac - CoronaVac",28/01/2021,10,6864954,18.599
Mozambique,MOZ,AFRO,REPORTING,18/09/2022,19127825,13465329,61.198,43.082,12861896,41.151,"Beijing CNBG - BBIBP-CorV,Janssen - Ad26.COV 2-S,SII - Covishield",08/03/2021,3,,
Myanmar,MMR,SEARO,REPORTING,18/06/2022,64549994,34777314,118.637,63.917,27545329,50.626,"Beijing CNBG - BBIBP-CorV,SII - Covishield",27/01/2021,2,2227351,4.094
Namibia,NAM,AFRO,REPORTING,18/09/2022,952713,587544,37.495,23.123,514487,20.248,"Beijing CNBG - BBIBP-CorV,Janssen - Ad26.COV 2-S,Pfizer BioNTech - Comirnaty,SII - Covishield",19/03/2021,4,,
Nauru,NRU,WPRO,REPORTING,31/03/2022,22976,9464,212.073,87.355,8585,79.241,"AstraZeneca - Vaxzevria,SII - Covishield",09/04/2021,2,4927,45.477
Nepal,NPL,SEARO,REPORTING,25/09/2022,57909436,27148456,198.75,93.176,22565230,77.446,"AstraZeneca - Vaxzevria,Beijing CNBG - BBIBP-CorV,Bharat - Covaxin,Gamaleya - Gam-Covid-Vac,Janssen - Ad26.COV 2-S,Moderna - Spikevax,Pfizer BioNTech - Comirnaty,SII - Covishield",27/01/2021,8,8195750,28.129
Netherlands,NLD,EURO,REPORTING,11/09/2022,36105753,12776868,207.4,73.398,11957152,68.689,"AstraZeneca - Vaxzevria,Janssen - Ad26.COV 2-S,Moderna - Spikevax,Novavax-NUVAXOVID,Pfizer BioNTech - Comirnaty,Unknown Vaccine",06/01/2021,6,9417108,54.098
New Caledonia,NCL,WPRO,REPORTING,29/08/2022,465964,188411,163.211,65.994,184459,64.61,"Janssen - Ad26.COV 2-S,Pfizer BioNTech - Comirnaty",20/01/2021,2,93094,32.608
New Zealand,NZL,WPRO,REPORTING,16/09/2022,11746117,4257650,243.583,88.292,4096019,84.94,"AstraZeneca - Vaxzevria,Janssen - Ad26.COV 2-S,Novavax-NUVAXOVID,Pfizer BioNTech - Comirnaty",19/02/2021,4,2707163,56.139
Nicaragua,NIC,AMRO,REPORTING,16/09/2022,11780033,6060697,177.824,91.488,5719336,86.335,"AstraZeneca - Vaxzevria,CIGB - CIGB-66,Finlay - Soberana Plus,Finlay - Soberana-02,Gamaleya - Gam-Covid-Vac,Gamaleya - Sputnik-Light,Janssen - Ad26.COV 2-S,Pfizer BioNTech - Comirnaty,SII - Covishield",03/03/2021,9,,
Niger,NER,AFRO,REPORTING,11/09/2022,4534313,3740079,18.732,15.451,2980972,12.315,"Beijing CNBG - BBIBP-CorV,SII - Covishield",29/03/2021,2,,
Nigeria,NGA,AFRO,REPORTING,18/09/2022,70896744,46710345,34.393,22.66,33808662,16.401,SII - Covishield,05/03/2021,1,,
Niue,NIU,WPRO,REPORTING,02/08/2022,4180,1650,258.344,101.978,1436,88.752,Pfizer BioNTech - Comirnaty,08/06/2021,1,1094,67.614
North Macedonia,MKD,EURO,REPORTING,11/09/2022,1861305,854279,89.3,41.145,837818,40.352,"AstraZeneca - Vaxzevria,Beijing CNBG - BBIBP-CorV,Gamaleya - Gam-Covid-Vac,Moderna - Spikevax,Pfizer BioNTech - Comirnaty,Sinovac - CoronaVac,Wuhan CNBG - Inactivated",17/02/2021,7,161107,7.759
Northern Mariana Islands (Commonwealth of the),MNP,WPRO,REPORTING,27/05/2022,110882,44814,192.647,77.86,43944,76.349,"Janssen - Ad26.COV 2-S,Moderna - Spikevax,Pfizer BioNTech - Comirnaty",19/12/2020,3,23286,40.457
Norway,NOR,EURO,REPORTING,18/09/2022,11384475,4343603,212.1,80.923,4057693,75.596,"AstraZeneca - Vaxzevria,Janssen - Ad26.COV 2-S,Moderna - Spikevax,Pfizer BioNTech - Comirnaty",23/12/2020,4,2990267,55.71
occupied Palestinian territory,PSE,EMRO,REPORTING,09/08/2022,3741181,2010433,73.336,39.409,1774298,34.781,"AstraZeneca - Vaxzevria,Beijing CNBG - BBIBP-CorV,Bharat - Covaxin,CanSino - Convidecia,Gamaleya - Gam-Covid-Vac,Gamaleya - Sputnik-Light,Janssen - Ad26.COV 2-S,Moderna - Spikevax,Pfizer BioNTech - Comirnaty,Sinovac - CoronaVac",02/02/2021,10,334586,6.559
Oman,OMN,EMRO,REPORTING,27/09/2022,7108547,3279632,139.202,64.223,3047955,59.686,"AstraZeneca - Vaxzevria,Beijing CNBG - BBIBP-CorV,Bharat - Covaxin,CanSino - Convidecia,Gamaleya - Gam-Covid-Vac,Gamaleya - Sputnik-Light,Janssen - Ad26.COV 2-S,Moderna - Spikevax,Pfizer BioNTech - Comirnaty,SII - Covishield,Sinovac - CoronaVac",29/12/2020,11,780960,15.293
Pakistan,PAK,EMRO,REPORTING,25/09/2022,310629295,153628995,140.625,69.549,131226523,59.407,"AstraZeneca - Vaxzevria,Beijing CNBG - BBIBP-CorV,Bharat - Covaxin,CanSino - Convidecia,Gamaleya - Gam-Covid-Vac,Gamaleya - Sputnik-Light,Janssen - Ad26.COV 2-S,Moderna - Spikevax,Pfizer BioNTech - Comirnaty,SII - Covishield,Sinovac - CoronaVac",03/02/2021,11,43603347,19.74
Palau,PLW,WPRO,REPORTING,06/09/2022,50160,20094,277.25,111.066,18403,101.719,"Janssen - Ad26.COV 2-S,Moderna - Spikevax,Pfizer BioNTech - Comirnaty",03/01/2021,3,12856,71.059
Panama,PAN,AMRO,REPORTING,16/09/2022,8596144,3500120,199.226,81.12,3147019,72.936,"AstraZeneca - Vaxzevria,Pfizer BioNTech - Comirnaty",20/01/2021,2,1718245,39.822
Papua New Guinea,PNG,WPRO,REPORTING,18/09/2022,485119,352536,5.422,3.94,292910,3.274,"AstraZeneca - Vaxzevria,Beijing CNBG - BBIBP-CorV,Janssen - Ad26.COV 2-S,SII - Covishield",30/03/2021,4,26737,0.299
Paraguay,PRY,AMRO,REPORTING,16/09/2022,9364504,3960665,131.293,55.53,3508475,49.19,"AstraZeneca - Vaxzevria,Beijing CNBG - BBIBP-CorV,Bharat - Covaxin,Gamaleya - Gam-Covid-Vac,Julphar - Hayat-Vax,Moderna - Spikevax,Pfizer BioNTech - Comirnaty,Sinovac - CoronaVac",22/02/2021,8,1599164,22.421
Peru,PER,AMRO,REPORTING,16/09/2022,83792729,29852057,254.134,90.538,28181183,85.47,"AstraZeneca - Vaxzevria,Beijing CNBG - BBIBP-CorV,Moderna - Spikevax,Pfizer BioNTech - Comirnaty",09/02/2021,4,20930871,63.481
Philippines,PHL,WPRO,REPORTING,15/09/2022,164304227,77470954,149.939,70.697,72853661,66.484,"AstraZeneca - Vaxzevria,Beijing CNBG - BBIBP-CorV,Bharat - Covaxin,Gamaleya - Gam-Covid-Vac,Gamaleya - Sputnik-Light,Janssen - Ad26.COV 2-S,Julphar - Hayat-Vax,Moderna - Spikevax,Novavax-NUVAXOVID,Pfizer BioNTech - Comirnaty,Sinovac - CoronaVac",01/03/2021,11,18779611,17.138
Pitcairn Islands,PCN,WPRO,REPORTING,28/02/2022,138,55,276,110,37,74,AstraZeneca - Vaxzevria,17/05/2021,1,23,46
Poland,POL,EURO,REPORTING,18/09/2022,54976906,22876056,144.8,60.267,22579467,59.485,"AstraZeneca - Vaxzevria,Janssen - Ad26.COV 2-S,Moderna - Spikevax,Novavax-NUVAXOVID,Pfizer BioNTech - Comirnaty",23/12/2020,5,12354319,32.547
Portugal,PRT,EURO,REPORTING,18/09/2022,25139837,9754789,244.2,97.007,8918454,86.621,"AstraZeneca - Vaxzevria,Beijing CNBG - BBIBP-CorV,Bharat - Covaxin,Janssen - Ad26.COV 2-S,Moderna - Spikevax,Novavax-NUVAXOVID,Pfizer BioNTech - Comirnaty,Sinovac - CoronaVac",23/12/2020,8,6902946,67.046
Puerto Rico,PRI,AMRO,REPORTING,16/09/2022,7587081,3107744,265.203,108.63,2710134,94.732,"Janssen - Ad26.COV 2-S,Moderna - Spikevax,Novavax-NUVAXOVID,Pfizer BioNTech - Comirnaty",,4,1665209,58.207
Qatar,QAT,EMRO,REPORTING,28/09/2022,7491345,2806774,260.021,97.422,2805773,97.387,"AstraZeneca - Vaxzevria,Beijing CNBG - BBIBP-CorV,Bharat - Covaxin,CanSino - Convidecia,Gamaleya - Gam-Covid-Vac,Gamaleya - Sputnik-Light,Janssen - Ad26.COV 2-S,Moderna - Spikevax,Pfizer BioNTech - Comirnaty,Sinovac - CoronaVac",,10,1878798,65.212
Republic of Korea,KOR,WPRO,REPORTING,16/09/2022,130693258,45109586,254.916,87.986,44672314,87.133,"AstraZeneca - Vaxzevria,Janssen - Ad26.COV 2-S,Moderna - Spikevax,Novavax-NUVAXOVID,Pfizer BioNTech - Comirnaty",26/02/2021,5,33579314,65.496
Republic of Moldova,MDA,EURO,REPORTING,18/09/2022,2241785,1101302,55.6,27.301,1071341,26.558,"AstraZeneca - Vaxzevria,Beijing CNBG - BBIBP-CorV,Gamaleya - Gam-Covid-Vac,Janssen - Ad26.COV 2-S,Moderna - Spikevax,Pfizer BioNTech - Comirnaty,Sinovac - CoronaVac",03/03/2021,7,370563,9.186
Romania,ROU,EURO,REPORTING,18/09/2022,16079395,8182350,83.2,42.332,8134941,42.087,"AstraZeneca - Vaxzevria,Janssen - Ad26.COV 2-S,Moderna - Spikevax,Pfizer BioNTech - Comirnaty",27/01/2021,4,1760526,9.108
Russian Federation,RUS,EURO,OWID,28/09/2022,175974391,84218429,120.6,57.71,76640472,52.517,"SRCVB - EpiVacCorona, Gamaleya - Sputnik V",,2,,
Rwanda,RWA,AFRO,REPORTING,18/09/2022,26080356,9172811,201.358,70.82,8938849,69.014,"Beijing CNBG - BBIBP-CorV,Gamaleya - Gam-Covid-Vac,Janssen - Ad26.COV 2-S,Moderna - Spikevax,Pfizer BioNTech - Comirnaty,SII - Covishield,Sinovac - CoronaVac",05/03/2021,7,,
Saba,XCA,AMRO,REPORTING,16/09/2022,4471,1687,231.298,87.274,1657,85.722,,,,1127,58.303
Saint Helena,SHN,AFRO,OWID,05/05/2021,7892,4361,129.995,71.833,3531,58.162,AstraZeneca - AZD1222,,1,,
Saint Kitts and Nevis,KNA,AMRO,REPORTING,16/09/2022,64225,33794,120.742,63.532,26944,50.654,"AstraZeneca - Vaxzevria,Pfizer BioNTech - Comirnaty,SII - Covishield",22/02/2021,3,3465,6.514
Saint Lucia,LCA,AMRO,REPORTING,16/09/2022,122552,59973,66.74,32.66,54780,29.832,"AstraZeneca - Vaxzevria,Janssen - Ad26.COV 2-S,Moderna - Spikevax,Pfizer BioNTech - Comirnaty,SII - Covishield",17/02/2021,5,7799,4.247
Saint Vincent and the Grenadines,VCT,AMRO,REPORTING,16/09/2022,72687,37220,65.519,33.55,31319,28.231,"AstraZeneca - Vaxzevria,Gamaleya - Gam-Covid-Vac,Gamaleya - Sputnik-Light,Pfizer BioNTech - Comirnaty,SII - Covishield",01/02/2021,5,4148,3.739
Samoa,WSM,WPRO,REPORTING,12/09/2022,510313,230407,257.196,116.124,211455,106.573,"AstraZeneca - Vaxzevria,Pfizer BioNTech - Comirnaty",18/04/2021,2,68451,34.499
San Marino,SMR,EURO,REPORTING,22/05/2022,69338,26357,204.3,76.501,23633,68.595,"Gamaleya - Gam-Covid-Vac,Pfizer BioNTech - Comirnaty",24/02/2021,2,19348,56.158
Sao Tome and Principe,STP,AFRO,REPORTING,18/09/2022,227479,127366,103.796,58.116,103349,47.157,"AstraZeneca - Vaxzevria,SII - Covishield",15/03/2021,2,,
Saudi Arabia,SAU,EMRO,REPORTING,27/09/2022,67839503,26892699,194.863,77.247,25290533,72.645,"AstraZeneca - Vaxzevria,Beijing CNBG - BBIBP-CorV,Bharat - Covaxin,CanSino - Convidecia,Gamaleya - Gam-Covid-Vac,Gamaleya - Sputnik-Light,Janssen - Ad26.COV 2-S,Moderna - Spikevax,Pfizer BioNTech - Comirnaty,Sinovac - CoronaVac",06/01/2021,10,15656271,44.971
Senegal,SEN,AFRO,REPORTING,18/09/2022,2165205,1504180,12.931,8.983,1116294,6.667,"Beijing CNBG - BBIBP-CorV,Janssen - Ad26.COV 2-S,SII - Covishield",23/02/2021,3,,
Serbia,SRB,EURO,REPORTING,12/06/2022,6708547,3391961,96.9,48.969,3316586,47.881,"AstraZeneca - Vaxzevria,Beijing CNBG - BBIBP-CorV,Gamaleya - Gam-Covid-Vac,Moderna - Spikevax,Pfizer BioNTech - Comirnaty",23/12/2020,5,0,0
Seychelles,SYC,AFRO,REPORTING,18/09/2022,215016,85472,218.63,86.909,81244,82.61,"Beijing CNBG - BBIBP-CorV,Gamaleya - Gam-Covid-Vac,Julphar - Hayat-Vax,SII - Covishield",10/01/2021,4,,
Sierra Leone,SLE,AFRO,REPORTING,18/09/2022,4258299,3122384,53.382,39.142,2414975,30.274,"Beijing CNBG - BBIBP-CorV,SII - Covishield",15/03/2021,2,,
Singapore,SGP,WPRO,REPORTING,12/09/2022,14326294,5024384,244.88,85.882,5004693,85.545,"AstraZeneca - Vaxzevria,Beijing CNBG - BBIBP-CorV,Moderna - Spikevax,Pfizer BioNTech - Comirnaty",30/12/2020,4,4297217,73.452
Sint Eustatius,XBA,AMRO,REPORTING,16/09/2022,4257,1791,135.616,57.056,1686,53.711,,,,780,24.849
Sint Maarten,SXM,AMRO,REPORTING,16/09/2022,65095,29788,151.8,69.465,26286,61.298,"AstraZeneca - Vaxzevria,Moderna - Spikevax,Pfizer BioNTech - Comirnaty",22/02/2021,3,9021,21.037
Slovakia,SVK,EURO,REPORTING,18/09/2022,7153405,2838382,131.1,52.005,2789786,51.115,"AstraZeneca - Vaxzevria,Gamaleya - Gam-Covid-Vac,Janssen - Ad26.COV 2-S,Moderna - Spikevax,Novavax-NUVAXOVID,Pfizer BioNTech - Comirnaty",06/01/2021,6,1681422,30.807
Slovenia,SVN,EURO,REPORTING,18/09/2022,2967870,1233944,141.6,58.875,1203376,57.417,"AstraZeneca - Vaxzevria,Janssen - Ad26.COV 2-S,Moderna - Spikevax,Novavax-NUVAXOVID,Pfizer BioNTech - Comirnaty",23/12/2020,5,652670,31.141
Solomon Islands,SLB,WPRO,REPORTING,18/09/2022,530429,311774,77.223,45.39,207988,30.28,"AstraZeneca - Vaxzevria,Beijing CNBG - BBIBP-CorV,Pfizer BioNTech - Comirnaty,SII - Covishield",23/03/2021,4,12745,1.855
Somalia,SOM,EMRO,REPORTING,27/09/2022,5656748,4661532,35.592,29.33,3460897,21.776,"AstraZeneca - Vaxzevria,Beijing CNBG - BBIBP-CorV,Bharat - Covaxin,CanSino - Convidecia,Gamaleya - Gam-Covid-Vac,Gamaleya - Sputnik-Light,Janssen - Ad26.COV 2-S,Moderna - Spikevax,Pfizer BioNTech - Comirnaty,SII - Covishield,Sinovac - CoronaVac",16/03/2021,11,,
South Africa,ZAF,AFRO,REPORTING,18/09/2022,37580608,23705134,63.364,39.969,20774358,35.028,"Janssen - Ad26.COV 2-S,Pfizer BioNTech - Comirnaty",17/02/2021,2,,
South Sudan,SSD,AFRO,REPORTING,18/09/2022,2085469,2035179,18.631,18.181,1993200,17.806,"Janssen - Ad26.COV 2-S,SII - Covishield",06/04/2021,2,,
Spain,ESP,EURO,REPORTING,18/09/2022,102999225,41279842,217.6,87.212,37481692,79.188,"AstraZeneca - Vaxzevria,Janssen - Ad26.COV 2-S,Moderna - Spikevax,Pfizer BioNTech - Comirnaty",30/12/2020,4,25961410,54.849
Sri Lanka,LKA,SEARO,REPORTING,25/09/2022,39994991,17130182,186.777,79.998,14687790,68.592,"AstraZeneca - Vaxzevria,Beijing CNBG - BBIBP-CorV,Gamaleya - Gam-Covid-Vac,Moderna - Spikevax,Pfizer BioNTech - Comirnaty,SII - Covishield",29/01/2021,6,8177019,38.187
Sudan,SDN,EMRO,REPORTING,30/05/2022,8179010,6651268,18.653,15.168,4536964,10.347,"AstraZeneca - Vaxzevria,Beijing CNBG - BBIBP-CorV,Bharat - Covaxin,CanSino - Convidecia,Gamaleya - Gam-Covid-Vac,Gamaleya - Sputnik-Light,Janssen - Ad26.COV 2-S,Moderna - Spikevax,Pfizer BioNTech - Comirnaty,SII - Covishield,Sinovac - CoronaVac",09/03/2021,11,50234,0.115
Suriname,SUR,AMRO,REPORTING,16/09/2022,554588,267820,94.538,45.654,237879,40.55,"AstraZeneca - Vaxzevria,Beijing CNBG - BBIBP-CorV,Moderna - Spikevax,Pfizer BioNTech - Comirnaty,SII - Covishield",23/02/2021,5,48889,8.334
Sweden,SWE,EURO,REPORTING,18/09/2022,22293692,7501635,215.9,72.637,7363694,71.301,"AstraZeneca - Vaxzevria,Moderna - Spikevax,Novavax-NUVAXOVID,Pfizer BioNTech - Comirnaty,Unknown Vaccine",23/12/2020,5,5500623,53.261
Switzerland,CHE,EURO,REPORTING,18/09/2022,15824257,6092712,182.8,70.796,5717193,66.432,"Janssen - Ad26.COV 2-S,Moderna - Spikevax,Novavax-NUVAXOVID,Pfizer BioNTech - Comirnaty",23/12/2020,4,4074010,47.339
Syrian Arab Republic,SYR,EMRO,REPORTING,22/09/2022,4709714,3015708,26.912,17.232,2088765,11.935,"AstraZeneca - Vaxzevria,Beijing CNBG - BBIBP-CorV,Bharat - Covaxin,CanSino - Convidecia,Gamaleya - Gam-Covid-Vac,Gamaleya - Sputnik-Light,Janssen - Ad26.COV 2-S,Moderna - Spikevax,Pfizer BioNTech - Comirnaty,SII - Covishield,Sinovac - CoronaVac",01/04/2021,11,59499,0.34
Tajikistan,TJK,EURO,REPORTING,21/08/2022,15441380,5282863,161.9,55.39,5120562,53.688,"AstraZeneca - Vaxzevria,Gamaleya - Gam-Covid-Vac,Moderna - Spikevax,Pfizer BioNTech - Comirnaty,SII - Covishield,Sinovac - CoronaVac",24/03/2021,6,4951036,51.91
Thailand,THA,SEARO,REPORTING,26/09/2022,142536808,56996810,204.208,81.657,53470871,76.606,"AstraZeneca - Vaxzevria,Beijing CNBG - BBIBP-CorV,Janssen - Ad26.COV 2-S,Moderna - Spikevax,Pfizer BioNTech - Comirnaty,SII - Covishield,SII - Covovax,Sinovac - CoronaVac",28/02/2021,8,32069127,45.944
The United Kingdom,GBR,EURO,REPORTING,04/09/2022,151248820,53806963,222.8,79.058,50745901,74.561,"AstraZeneca - Vaxzevria,Moderna - Spikevax,Pfizer BioNTech - Comirnaty",21/12/2020,3,,
Timor-Leste,TLS,SEARO,REPORTING,28/09/2022,1820082,853527,138.048,64.737,749160,56.821,"AstraZeneca - Vaxzevria,Pfizer BioNTech - Comirnaty,SII - Covishield,Sinovac - CoronaVac",07/04/2021,4,217395,16.489
Togo,TGO,AFRO,REPORTING,11/09/2022,3286253,2164950,39.695,26.151,1435999,17.346,SII - Covishield,10/03/2021,1,,
Tokelau,TKL,WPRO,REPORTING,21/04/2022,3326,1339,246.37,99.185,1125,83.333,Pfizer BioNTech - Comirnaty,20/07/2021,1,862,63.852
Tonga,TON,WPRO,REPORTING,17/08/2022,201685,87080,190.818,82.388,76604,72.476,"AstraZeneca - Vaxzevria,Pfizer BioNTech - Comirnaty",14/04/2021,2,37475,35.456
Trinidad and Tobago,TTO,AMRO,REPORTING,16/09/2022,1580605,753467,112.942,53.839,716762,51.216,"AstraZeneca - Vaxzevria,Beijing CNBG - BBIBP-CorV,Janssen - Ad26.COV 2-S,Pfizer BioNTech - Comirnaty,SII - Covishield",17/02/2021,5,168540,12.043
Tunisia,TUN,EMRO,REPORTING,28/09/2022,13146062,7208140,111.232,60.99,6383424,54.012,"AstraZeneca - Vaxzevria,Beijing CNBG - BBIBP-CorV,Bharat - Covaxin,CanSino - Convidecia,Gamaleya - Gam-Covid-Vac,Gamaleya - Sputnik-Light,Janssen - Ad26.COV 2-S,Moderna - Spikevax,Pfizer BioNTech - Comirnaty,Sinovac - CoronaVac",13/03/2021,10,1245676,10.54
Turkey,TUR,EURO,OWID,28/09/2022,152209055,57923650,180.5,69.657,53156652,63.925,"Pfizer BioNTech - Comirnaty, Sinovac - CoronaVac, Turkovac",,3,,
Turkmenistan,TKM,EURO,REPORTING,06/03/2022,7140000,2970000,118.4,49.244,2920000,48.415,"Anhui ZL - Zifivax,AstraZeneca - Vaxzevria,Beijing CNBG - BBIBP-CorV,Gamaleya - Gam-Covid-Vac,RIBSP - QazVac,SRCVB - EpiVacCorona,Unknown Vaccine",24/02/2021,7,1250000,20.726
Turks and Caicos Islands,TCA,AMRO,REPORTING,16/09/2022,72837,32338,188.122,83.522,30288,78.227,Pfizer BioNTech - Comirnaty,11/01/2021,1,7272,18.782
Tuvalu,TUV,WPRO,REPORTING,21/07/2022,23746,9452,201.374,80.156,9015,76.45,AstraZeneca - Vaxzevria,13/04/2021,1,5279,44.768
Uganda,UGA,AFRO,REPORTING,18/09/2022,25273890,18483027,55.254,40.408,12668841,27.697,"Janssen - Ad26.COV 2-S,Moderna - Spikevax,Pfizer BioNTech - Comirnaty,SII - Covishield,Sinovac - CoronaVac",10/03/2021,5,,
Ukraine,UKR,EURO,REPORTING,27/02/2022,31668577,15774300,72.4,36.069,15153577,34.65,"AstraZeneca - Vaxzevria,Janssen - Ad26.COV 2-S,Moderna - Spikevax,Pfizer BioNTech - Comirnaty,SII - Covishield,Sinovac - CoronaVac",24/02/2021,6,741197,1.695
United Arab Emirates,ARE,EMRO,REPORTING,06/07/2022,24922054,9991089,251.982,101.018,9792266,99.008,"AstraZeneca - Vaxzevria,Beijing CNBG - BBIBP-CorV,Bharat - Covaxin,CanSino - Convidecia,Gamaleya - Gam-Covid-Vac,Gamaleya - Sputnik-Light,Janssen - Ad26.COV 2-S,Moderna - Spikevax,Pfizer BioNTech - Comirnaty,SII - Covishield,Sinovac - CoronaVac",,11,5138699,51.956
United Republic of Tanzania,TZA,AFRO,REPORTING,18/09/2022,25039939,20715016,41.919,34.679,18841873,31.543,"Beijing CNBG - BBIBP-CorV,Janssen - Ad26.COV 2-S,Pfizer BioNTech - Comirnaty",28/07/2021,3,,
United States of America,USA,AMRO,REPORTING,16/09/2022,604511670,268373101,182.63,81.079,221927916,67.047,"Janssen - Ad26.COV 2-S,Moderna - Spikevax,Novavax-NUVAXOVID,Pfizer BioNTech - Comirnaty",14/12/2020,4,107488102,32.473
Uruguay,URY,AMRO,REPORTING,16/09/2022,8734752,3001089,251.452,86.394,2892853,83.278,"AstraZeneca - Vaxzevria,Pfizer BioNTech - Comirnaty,Sinovac - CoronaVac",27/02/2021,3,2062808,59.383
Uzbekistan,UZB,EURO,REPORTING,04/09/2022,65334146,21051293,195.2,62.898,16495460,49.285,"Anhui ZL - Zifivax,Gamaleya - Gam-Covid-Vac,Gamaleya - Sputnik-Light,Moderna - Spikevax,Pfizer BioNTech - Comirnaty,SII - Covishield,Sinovac - CoronaVac,Unknown Vaccine",28/04/2021,8,13316693,39.788
Vanuatu,VUT,WPRO,REPORTING,19/06/2022,260304,143339,84.75,46.668,130607,42.523,"AstraZeneca - Vaxzevria,Beijing CNBG - BBIBP-CorV,Janssen - Ad26.COV 2-S",02/06/2021,3,15966,5.198
Venezuela (Bolivarian Republic of),VEN,AMRO,REPORTING,16/09/2022,37860994,22157232,133.145,77.92,14287370,50.244,"Beijing CNBG - BBIBP-CorV,CIGB - CIGB-66,Finlay - Soberana-02,Gamaleya - Gam-Covid-Vac,Gamaleya - Sputnik-Light,Sinovac - CoronaVac",22/02/2021,6,651502,2.291
Viet Nam,VNM,WPRO,REPORTING,15/09/2022,259176472,89880152,266.263,92.338,84072281,86.371,"AstraZeneca - Vaxzevria,Beijing CNBG - BBIBP-CorV,CIGB - CIGB-66,Gamaleya - Gam-Covid-Vac,Moderna - Spikevax,Pfizer BioNTech - Comirnaty",08/03/2021,6,55285754,56.797
Wallis and Futuna,WLF,WPRO,REPORTING,26/07/2022,16782,6592,149.226,58.616,6989,62.147,Moderna - Spikevax,19/03/2021,1,3201,28.463
Yemen,YEM,EMRO,REPORTING,28/09/2022,1065395,861625,3.572,2.889,604202,2.026,"AstraZeneca - Vaxzevria,Beijing CNBG - BBIBP-CorV,Bharat - Covaxin,CanSino - Convidecia,Gamaleya - Gam-Covid-Vac,Gamaleya - Sputnik-Light,Janssen - Ad26.COV 2-S,Moderna - Spikevax,Pfizer BioNTech - Comirnaty,SII - Covishield,Sinovac - CoronaVac",20/04/2021,11,33507,0.112
Zambia,ZMB,AFRO,REPORTING,04/09/2022,9015082,7876354,49.038,42.844,5682972,30.913,"Beijing CNBG - BBIBP-CorV,Janssen - Ad26.COV 2-S,SII - Covishield",14/04/2021,3,,
Zimbabwe,ZWE,AFRO,REPORTING,18/09/2022,12487631,6501801,84.019,43.745,4855368,32.668,"Beijing CNBG - BBIBP-CorV,Bharat - Covaxin,Gamaleya - Gam-Covid-Vac,Sinovac - CoronaVac",18/02/2021,4,,
